DROP TABLE "ORDERITEMS" ;
DROP TABLE  "ORDERS" ;

DROP TABLE "BOOKS" ;  
DROP TABLE "CUSTOMERS" ;
  drop table "PUBLISHER" ;
  CREATE TABLE "PUBLISHER" 
   (	"PUBID" NUMBER(2,0), 
	"NAME" VARCHAR2(23 BYTE), 
	"CONTACT" VARCHAR2(15 BYTE), 
	"PHONE" VARCHAR2(12 BYTE)
   );
   SET DEFINE OFF;
Insert into  PUBLISHER (PUBID,NAME,CONTACT,PHONE) values (1,'PRINTING IS US','TOMMIE SEYMOUR','000-714-8321');
Insert into  PUBLISHER (PUBID,NAME,CONTACT,PHONE) values (2,'PUBLISH OUR WAY','JANE TOMLIN','010-410-0010');
Insert into  PUBLISHER (PUBID,NAME,CONTACT,PHONE) values (3,'AMERICAN PUBLISHING','DAVID DAVIDSON','800-555-1211');
Insert into  PUBLISHER (PUBID,NAME,CONTACT,PHONE) values (4,'READING MATERIALS INC.','RENEE SMITH','800-555-9743');
Insert into  PUBLISHER (PUBID,NAME,CONTACT,PHONE) values (5,'REED-N-RITE','SEBASTIAN JONES','800-555-8284');
commit;

-------------------------------------------------------
--  DDL for Table CUSTOMERS
--------------------------------------------------------

  CREATE TABLE "CUSTOMERS" 
   (	"CUSTOMER#" NUMBER(4,0), 
	"LASTNAME" VARCHAR2(10 BYTE), 
	"FIRSTNAME" VARCHAR2(10 BYTE), 
	"ADDRESS" VARCHAR2(20 BYTE), 
	"CITY" VARCHAR2(12 BYTE), 
	"STATE" VARCHAR2(2 BYTE), 
	"ZIP" VARCHAR2(5 BYTE), 
	"REFERRED" NUMBER(4,0), 
	"REGION" CHAR(2 BYTE)
   );
SET DEFINE OFF;
Insert into  CUSTOMERS (CUSTOMER#,LASTNAME,FIRSTNAME,ADDRESS,CITY,STATE,ZIP,REFERRED,REGION) values (1001,'MORALES','BONITA','P.O. BOX 651','EASTPOINT','FL','32328',null,'SE');
Insert into  CUSTOMERS (CUSTOMER#,LASTNAME,FIRSTNAME,ADDRESS,CITY,STATE,ZIP,REFERRED,REGION) values (1002,'THOMPSON','RYAN','P.O. BOX 9835','SANTA MONICA','CA','90404',null,'W ');
Insert into  CUSTOMERS (CUSTOMER#,LASTNAME,FIRSTNAME,ADDRESS,CITY,STATE,ZIP,REFERRED,REGION) values (1003,'SMITH','LEILA','P.O. BOX 66','TALLAHASSEE','FL','32306',null,'SE');
Insert into  CUSTOMERS (CUSTOMER#,LASTNAME,FIRSTNAME,ADDRESS,CITY,STATE,ZIP,REFERRED,REGION) values (1004,'PIERSON','THOMAS','69821 SOUTH AVENUE','BOISE','ID','83707',null,'NW');
Insert into  CUSTOMERS (CUSTOMER#,LASTNAME,FIRSTNAME,ADDRESS,CITY,STATE,ZIP,REFERRED,REGION) values (1005,'GIRARD','CINDY','P.O. BOX 851','SEATTLE','WA','98115',null,'NW');
Insert into  CUSTOMERS (CUSTOMER#,LASTNAME,FIRSTNAME,ADDRESS,CITY,STATE,ZIP,REFERRED,REGION) values (1006,'CRUZ','MESHIA','82 DIRT ROAD','ALBANY','NY','12211',null,'NE');
Insert into  CUSTOMERS (CUSTOMER#,LASTNAME,FIRSTNAME,ADDRESS,CITY,STATE,ZIP,REFERRED,REGION) values (1007,'GIANA','TAMMY','9153 MAIN STREET','AUSTIN','TX','78710',1003,'SW');
Insert into  CUSTOMERS (CUSTOMER#,LASTNAME,FIRSTNAME,ADDRESS,CITY,STATE,ZIP,REFERRED,REGION) values (1008,'JONES','KENNETH','P.O. BOX 137','CHEYENNE','WY','82003',null,'N ');
Insert into  CUSTOMERS (CUSTOMER#,LASTNAME,FIRSTNAME,ADDRESS,CITY,STATE,ZIP,REFERRED,REGION) values (1009,'PEREZ','JORGE','P.O. BOX 8564','BURBANK','CA','91510',1003,'W ');
Insert into  CUSTOMERS (CUSTOMER#,LASTNAME,FIRSTNAME,ADDRESS,CITY,STATE,ZIP,REFERRED,REGION) values (1010,'LUCAS','JAKE','114 EAST SAVANNAH','ATLANTA','GA','30314',null,'SE');
Insert into  CUSTOMERS (CUSTOMER#,LASTNAME,FIRSTNAME,ADDRESS,CITY,STATE,ZIP,REFERRED,REGION) values (1011,'MCGOVERN','REESE','P.O. BOX 18','CHICAGO','IL','60606',null,'N ');
Insert into  CUSTOMERS (CUSTOMER#,LASTNAME,FIRSTNAME,ADDRESS,CITY,STATE,ZIP,REFERRED,REGION) values (1012,'MCKENZIE','WILLIAM','P.O. BOX 971','BOSTON','MA','02110',null,'NE');
Insert into  CUSTOMERS (CUSTOMER#,LASTNAME,FIRSTNAME,ADDRESS,CITY,STATE,ZIP,REFERRED,REGION) values (1013,'NGUYEN','NICHOLAS','357 WHITE EAGLE AVE.','CLERMONT','FL','34711',1006,'SE');
Insert into  CUSTOMERS (CUSTOMER#,LASTNAME,FIRSTNAME,ADDRESS,CITY,STATE,ZIP,REFERRED,REGION) values (1014,'LEE','JASMINE','P.O. BOX 2947','CODY','WY','82414',null,'N ');
Insert into  CUSTOMERS (CUSTOMER#,LASTNAME,FIRSTNAME,ADDRESS,CITY,STATE,ZIP,REFERRED,REGION) values (1015,'SCHELL','STEVE','P.O. BOX 677','MIAMI','FL','33111',null,'SE');
Insert into  CUSTOMERS (CUSTOMER#,LASTNAME,FIRSTNAME,ADDRESS,CITY,STATE,ZIP,REFERRED,REGION) values (1016,'DAUM','MICHELL','9851231 LONG ROAD','BURBANK','CA','91508',1010,'W ');
Insert into  CUSTOMERS (CUSTOMER#,LASTNAME,FIRSTNAME,ADDRESS,CITY,STATE,ZIP,REFERRED,REGION) values (1017,'NELSON','BECCA','P.O. BOX 563','KALMAZOO','MI','49006',null,'N ');
Insert into  CUSTOMERS (CUSTOMER#,LASTNAME,FIRSTNAME,ADDRESS,CITY,STATE,ZIP,REFERRED,REGION) values (1018,'MONTIASA','GREG','1008 GRAND AVENUE','MACON','GA','31206',null,'SE');
Insert into  CUSTOMERS (CUSTOMER#,LASTNAME,FIRSTNAME,ADDRESS,CITY,STATE,ZIP,REFERRED,REGION) values (1019,'SMITH','JENNIFER','P.O. BOX 1151','MORRISTOWN','NJ','07962',1003,'NE');
Insert into  CUSTOMERS (CUSTOMER#,LASTNAME,FIRSTNAME,ADDRESS,CITY,STATE,ZIP,REFERRED,REGION) values (1020,'FALAH','KENNETH','P.O. BOX 335','TRENTON','NJ','08607',null,'NE');
--------------------------------------------------------
--  DDL for Index CUSTOMERS_INDEX_IDX
--------------------------------------------------------

  CREATE INDEX "CUSTOMERS_INDEX_IDX" ON "CUSTOMERS" ("ZIP") ;
 
--------------------------------------------------------
--  DDL for Index CUSTOMERS_REGION_IDX
--------------------------------------------------------

  CREATE BITMAP INDEX "CUSTOMERS_REGION_IDX" ON "CUSTOMERS" ("REGION") 
  ;
--------------------------------------------------------
--  Constraints for Table CUSTOMERS
--------------------------------------------------------

  ALTER TABLE "CUSTOMERS" MODIFY ("LASTNAME" NOT NULL ENABLE);
  ALTER TABLE "CUSTOMERS" MODIFY ("FIRSTNAME" NOT NULL ENABLE);
--------------------------------------------------------
--  DDL for Table BOOKS
--------------------------------------------------------

  CREATE TABLE "BOOKS" 
   (	"ISBN" VARCHAR2(10 BYTE), 
	"TITLE" VARCHAR2(30 BYTE), 
	"PUBDATE" DATE, 
	"PUBID" NUMBER(2,0), 
	"COST" NUMBER(5,2), 
	"RETAIL" NUMBER(5,2), 
	"DISCOUNT" NUMBER(4,2), 
	"CATEGORY" VARCHAR2(12 BYTE)
   ) 
  ;
REM INSERTING into  BOOKS
SET DEFINE OFF;
Insert into  BOOKS (ISBN,TITLE,PUBDATE,PUBID,COST,RETAIL,DISCOUNT,CATEGORY) values ('1059831198','BODYBUILD IN 10 MINUTES A DAY',to_date('21-JAN-05','DD-MON-RR'),4,18.75,30.95,null,'FITNESS');
Insert into  BOOKS (ISBN,TITLE,PUBDATE,PUBID,COST,RETAIL,DISCOUNT,CATEGORY) values ('0401140733','REVENGE OF MICKEY',to_date('14-DEC-05','DD-MON-RR'),1,14.2,29.5,null,'FAMILY LIFE');
Insert into  BOOKS (ISBN,TITLE,PUBDATE,PUBID,COST,RETAIL,DISCOUNT,CATEGORY) values ('4981341710','BUILDING A CAR WITH TOOTHPICKS',to_date('18-MAR-06','DD-MON-RR'),2,37.8,59.95,3,'CHILDREN');
Insert into  BOOKS (ISBN,TITLE,PUBDATE,PUBID,COST,RETAIL,DISCOUNT,CATEGORY) values ('8843172113','DATABASE IMPLEMENTATION',to_date('04-JUN-03','DD-MON-RR'),3,31.4,55.95,null,'COMPUTER');
Insert into  BOOKS (ISBN,TITLE,PUBDATE,PUBID,COST,RETAIL,DISCOUNT,CATEGORY) values ('3437212490','COOKING WITH MUSHROOMS',to_date('28-FEB-04','DD-MON-RR'),4,12.5,19.95,null,'COOKING');
Insert into  BOOKS (ISBN,TITLE,PUBDATE,PUBID,COST,RETAIL,DISCOUNT,CATEGORY) values ('3957136468','HOLY GRAIL OF ORACLE',to_date('31-DEC-05','DD-MON-RR'),3,47.25,75.95,3.8,'COMPUTER');
Insert into  BOOKS (ISBN,TITLE,PUBDATE,PUBID,COST,RETAIL,DISCOUNT,CATEGORY) values ('1915762492','HANDCRANKED COMPUTERS',to_date('21-JAN-05','DD-MON-RR'),3,21.8,25,null,'COMPUTER');
Insert into  BOOKS (ISBN,TITLE,PUBDATE,PUBID,COST,RETAIL,DISCOUNT,CATEGORY) values ('9959789321','E-BUSINESS THE EASY WAY',to_date('01-MAR-06','DD-MON-RR'),2,37.9,54.5,null,'COMPUTER');
Insert into  BOOKS (ISBN,TITLE,PUBDATE,PUBID,COST,RETAIL,DISCOUNT,CATEGORY) values ('2491748320','PAINLESS CHILD-REARING',to_date('17-JUL-04','DD-MON-RR'),5,48,89.95,4.5,'FAMILY LIFE');
Insert into  BOOKS (ISBN,TITLE,PUBDATE,PUBID,COST,RETAIL,DISCOUNT,CATEGORY) values ('0299282519','THE WOK WAY TO COOK',to_date('11-SEP-04','DD-MON-RR'),4,19,28.75,null,'COOKING');
Insert into  BOOKS (ISBN,TITLE,PUBDATE,PUBID,COST,RETAIL,DISCOUNT,CATEGORY) values ('8117949391','BIG BEAR AND LITTLE DOVE',to_date('08-NOV-05','DD-MON-RR'),5,5.32,8.95,null,'CHILDREN');
Insert into  BOOKS (ISBN,TITLE,PUBDATE,PUBID,COST,RETAIL,DISCOUNT,CATEGORY) values ('0132149871','HOW TO GET FASTER PIZZA',to_date('11-NOV-06','DD-MON-RR'),4,17.85,29.95,1.5,'SELF HELP');
Insert into  BOOKS (ISBN,TITLE,PUBDATE,PUBID,COST,RETAIL,DISCOUNT,CATEGORY) values ('9247381001','HOW TO MANAGE THE MANAGER',to_date('09-MAY-03','DD-MON-RR'),1,15.4,31.95,null,'BUSINESS');
Insert into  BOOKS (ISBN,TITLE,PUBDATE,PUBID,COST,RETAIL,DISCOUNT,CATEGORY) values ('2147428890','SHORTEST POEMS',to_date('01-MAY-05','DD-MON-RR'),5,21.85,39.95,null,'LITERATURE');
--------------------------------------------------------
--  DDL for Index BOOKS_TITLE_IDX
--------------------------------------------------------

  CREATE UNIQUE INDEX "BOOKS_TITLE_IDX" ON "BOOKS" ("TITLE") 
   ;
--------------------------------------------------------
--  DDL for Index BOOKS_ISBN_PK
--------------------------------------------------------

  CREATE UNIQUE INDEX "BOOKS_ISBN_PK" ON "BOOKS" ("ISBN") 
   ;
--------------------------------------------------------
--  Constraints for Table BOOKS
--------------------------------------------------------

  ALTER TABLE "BOOKS" ADD CONSTRAINT "BOOKS_ISBN_PK" PRIMARY KEY ("ISBN")ENABLE
  ;
--------------------------------------------------------
--  File created - Thursday-December-14-2023   
--------------------------------------------------------
--------------------------------------------------------
--  DDL for Table ORDERS
--------------------------------------------------------

  CREATE TABLE "ORDERS" 
   (	"ORDER#" NUMBER(4,0), 
	"CUSTOMER#" NUMBER(4,0), 
	"ORDERDATE" DATE, 
	"SHIPDATE" DATE, 
	"SHIPSTREET" VARCHAR2(18 BYTE), 
	"SHIPCITY" VARCHAR2(15 BYTE), 
	"SHIPSTATE" VARCHAR2(2 BYTE), 
	"SHIPZIP" VARCHAR2(5 BYTE), 
	"SHIPCOST" NUMBER(4,2)
   )  ;
REM INSERTING into  ORDERS
SET DEFINE OFF;
Insert into  ORDERS (ORDER#,CUSTOMER#,ORDERDATE,SHIPDATE,SHIPSTREET,SHIPCITY,SHIPSTATE,SHIPZIP,SHIPCOST) values (1042,1012,to_date('06-APR-09','DD-MON-RR'),null,'123 WEST MAIN','ATLANTA','GA','30418',null);
Insert into  ORDERS (ORDER#,CUSTOMER#,ORDERDATE,SHIPDATE,SHIPSTREET,SHIPCITY,SHIPSTATE,SHIPZIP,SHIPCOST) values (1000,1005,to_date('31-MAR-09','DD-MON-RR'),to_date('02-APR-09','DD-MON-RR'),'1201 ORANGE AVE','SEATTLE','WA','98114',2);
Insert into  ORDERS (ORDER#,CUSTOMER#,ORDERDATE,SHIPDATE,SHIPSTREET,SHIPCITY,SHIPSTATE,SHIPZIP,SHIPCOST) values (1001,1010,to_date('31-MAR-09','DD-MON-RR'),to_date('01-APR-09','DD-MON-RR'),'114 EAST SAVANNAH','ATLANTA','GA','30314',3);
Insert into  ORDERS (ORDER#,CUSTOMER#,ORDERDATE,SHIPDATE,SHIPSTREET,SHIPCITY,SHIPSTATE,SHIPZIP,SHIPCOST) values (1002,1011,to_date('31-MAR-09','DD-MON-RR'),to_date('01-APR-09','DD-MON-RR'),'58 TILA CIRCLE','CHICAGO','IL','60605',3);
Insert into  ORDERS (ORDER#,CUSTOMER#,ORDERDATE,SHIPDATE,SHIPSTREET,SHIPCITY,SHIPSTATE,SHIPZIP,SHIPCOST) values (1003,1001,to_date('01-APR-09','DD-MON-RR'),to_date('01-APR-09','DD-MON-RR'),'958 MAGNOLIA LANE','EASTPOINT','FL','32328',4);
Insert into  ORDERS (ORDER#,CUSTOMER#,ORDERDATE,SHIPDATE,SHIPSTREET,SHIPCITY,SHIPSTATE,SHIPZIP,SHIPCOST) values (1004,1020,to_date('01-APR-09','DD-MON-RR'),to_date('05-APR-09','DD-MON-RR'),'561 ROUNDABOUT WAY','TRENTON','NJ','08601',null);
Insert into  ORDERS (ORDER#,CUSTOMER#,ORDERDATE,SHIPDATE,SHIPSTREET,SHIPCITY,SHIPSTATE,SHIPZIP,SHIPCOST) values (1005,1018,to_date('01-APR-09','DD-MON-RR'),to_date('02-APR-09','DD-MON-RR'),'1008 GRAND AVENUE','MACON','GA','31206',2);
Insert into  ORDERS (ORDER#,CUSTOMER#,ORDERDATE,SHIPDATE,SHIPSTREET,SHIPCITY,SHIPSTATE,SHIPZIP,SHIPCOST) values (1006,1003,to_date('01-APR-09','DD-MON-RR'),to_date('02-APR-09','DD-MON-RR'),'558A CAPITOL HWY.','TALLAHASSEE','FL','32307',2);
Insert into  ORDERS (ORDER#,CUSTOMER#,ORDERDATE,SHIPDATE,SHIPSTREET,SHIPCITY,SHIPSTATE,SHIPZIP,SHIPCOST) values (1007,1007,to_date('02-APR-09','DD-MON-RR'),to_date('04-APR-09','DD-MON-RR'),'9153 MAIN STREET','AUSTIN','TX','78710',7);
Insert into  ORDERS (ORDER#,CUSTOMER#,ORDERDATE,SHIPDATE,SHIPSTREET,SHIPCITY,SHIPSTATE,SHIPZIP,SHIPCOST) values (1008,1004,to_date('02-APR-09','DD-MON-RR'),to_date('03-APR-09','DD-MON-RR'),'69821 SOUTH AVENUE','BOISE','ID','83707',3);
Insert into  ORDERS (ORDER#,CUSTOMER#,ORDERDATE,SHIPDATE,SHIPSTREET,SHIPCITY,SHIPSTATE,SHIPZIP,SHIPCOST) values (1009,1005,to_date('03-APR-09','DD-MON-RR'),to_date('05-APR-09','DD-MON-RR'),'9 LIGHTENING RD.','SEATTLE','WA','98110',null);
Insert into  ORDERS (ORDER#,CUSTOMER#,ORDERDATE,SHIPDATE,SHIPSTREET,SHIPCITY,SHIPSTATE,SHIPZIP,SHIPCOST) values (1010,1019,to_date('03-APR-09','DD-MON-RR'),to_date('04-APR-09','DD-MON-RR'),'384 WRONG WAY HOME','MORRISTOWN','NJ','07960',2);
Insert into  ORDERS (ORDER#,CUSTOMER#,ORDERDATE,SHIPDATE,SHIPSTREET,SHIPCITY,SHIPSTATE,SHIPZIP,SHIPCOST) values (1011,1010,to_date('03-APR-09','DD-MON-RR'),to_date('05-APR-09','DD-MON-RR'),'102 WEST LAFAYETTE','ATLANTA','GA','30311',2);
Insert into  ORDERS (ORDER#,CUSTOMER#,ORDERDATE,SHIPDATE,SHIPSTREET,SHIPCITY,SHIPSTATE,SHIPZIP,SHIPCOST) values (1012,1017,to_date('03-APR-09','DD-MON-RR'),null,'1295 WINDY AVENUE','KALMAZOO','MI','49002',6);
Insert into  ORDERS (ORDER#,CUSTOMER#,ORDERDATE,SHIPDATE,SHIPSTREET,SHIPCITY,SHIPSTATE,SHIPZIP,SHIPCOST) values (1013,1014,to_date('03-APR-09','DD-MON-RR'),to_date('04-APR-09','DD-MON-RR'),'7618 MOUNTAIN RD.','CODY','WY','82414',2);
Insert into  ORDERS (ORDER#,CUSTOMER#,ORDERDATE,SHIPDATE,SHIPSTREET,SHIPCITY,SHIPSTATE,SHIPZIP,SHIPCOST) values (1014,1007,to_date('04-APR-09','DD-MON-RR'),to_date('05-APR-09','DD-MON-RR'),'9153 MAIN STREET','AUSTIN','TX','78710',3);
Insert into  ORDERS (ORDER#,CUSTOMER#,ORDERDATE,SHIPDATE,SHIPSTREET,SHIPCITY,SHIPSTATE,SHIPZIP,SHIPCOST) values (1015,1020,to_date('04-APR-09','DD-MON-RR'),null,'557 GLITTER ST.','TRENTON','NJ','08606',2);
Insert into  ORDERS (ORDER#,CUSTOMER#,ORDERDATE,SHIPDATE,SHIPSTREET,SHIPCITY,SHIPSTATE,SHIPZIP,SHIPCOST) values (1016,1003,to_date('04-APR-09','DD-MON-RR'),null,'9901 SEMINOLE WAY','TALLAHASSEE','FL','32307',2);
Insert into  ORDERS (ORDER#,CUSTOMER#,ORDERDATE,SHIPDATE,SHIPSTREET,SHIPCITY,SHIPSTATE,SHIPZIP,SHIPCOST) values (1017,1015,to_date('04-APR-09','DD-MON-RR'),to_date('05-APR-09','DD-MON-RR'),'887 HOT ASPHALT ST','MIAMI','FL','33112',3);
Insert into  ORDERS (ORDER#,CUSTOMER#,ORDERDATE,SHIPDATE,SHIPSTREET,SHIPCITY,SHIPSTATE,SHIPZIP,SHIPCOST) values (1018,1001,to_date('05-APR-09','DD-MON-RR'),null,'95812 HIGHWAY 98','EASTPOINT','FL','32328',null);
Insert into  ORDERS (ORDER#,CUSTOMER#,ORDERDATE,SHIPDATE,SHIPSTREET,SHIPCITY,SHIPSTATE,SHIPZIP,SHIPCOST) values (1019,1018,to_date('05-APR-09','DD-MON-RR'),null,'1008 GRAND AVENUE','MACON','GA','31206',2);
Insert into  ORDERS (ORDER#,CUSTOMER#,ORDERDATE,SHIPDATE,SHIPSTREET,SHIPCITY,SHIPSTATE,SHIPZIP,SHIPCOST) values (1020,1008,to_date('05-APR-09','DD-MON-RR'),null,'195 JAMISON LANE','CHEYENNE','WY','82003',2);
Insert into  ORDERS (ORDER#,CUSTOMER#,ORDERDATE,SHIPDATE,SHIPSTREET,SHIPCITY,SHIPSTATE,SHIPZIP,SHIPCOST) values (1021,1010,to_date('06-APR-09','DD-MON-RR'),null,'123 WEST MAIN','ATLANTA','GA','30418',null);
Insert into  ORDERS (ORDER#,CUSTOMER#,ORDERDATE,SHIPDATE,SHIPSTREET,SHIPCITY,SHIPSTATE,SHIPZIP,SHIPCOST) values (1031,1010,to_date('06-APR-09','DD-MON-RR'),null,'123 WEST MAIN','ATLANTA','GA','30418',null);
Insert into  ORDERS (ORDER#,CUSTOMER#,ORDERDATE,SHIPDATE,SHIPSTREET,SHIPCITY,SHIPSTATE,SHIPZIP,SHIPCOST) values (1041,1010,to_date('06-APR-09','DD-MON-RR'),null,'123 WEST MAIN','ATLANTA','GA','30418',null);
Insert into  ORDERS (ORDER#,CUSTOMER#,ORDERDATE,SHIPDATE,SHIPSTREET,SHIPCITY,SHIPSTATE,SHIPZIP,SHIPCOST) values (1,1010,to_date('06-APR-09','DD-MON-RR'),null,'123 WEST MAIN','ATLANTA','GA','30418',null);
--------------------------------------------------------
--  DDL for Index ORDERS_SHIPDATE_IDX
--------------------------------------------------------

  CREATE INDEX "ORDERS_SHIPDATE_IDX" ON "ORDERS" (NVL("SHIPDATE",TO_DATE(' 2023-12-01 00:00:00', 'syyyy-mm-dd hh24:mi:ss'))) 
   ;
--------------------------------------------------------
--  DDL for Index ORDERS_ORDER#_PK
--------------------------------------------------------

  CREATE UNIQUE INDEX "ORDERS_ORDER#_PK" ON "ORDERS" ("ORDER#") 
   ;
--------------------------------------------------------
--  Constraints for Table ORDERS
--------------------------------------------------------

  ALTER TABLE "ORDERS" MODIFY ("ORDERDATE" NOT NULL ENABLE);
  ALTER TABLE "ORDERS" ADD CONSTRAINT "ORDERS_ORDER#_PK" PRIMARY KEY ("ORDER#")
  ENABLE;

COMMIT;

--------------------------------------------------------
--  File created - Thursday-December-14-2023   
--------------------------------------------------------
--------------------------------------------------------
--  DDL for Table ORDERITEMS
--------------------------------------------------------

  CREATE TABLE "ORDERITEMS" 
   (	"ORDER#" NUMBER(4,0), 
	"ITEM#" NUMBER(2,0), 
	"ISBN" VARCHAR2(10 BYTE), 
	"QUANTITY" NUMBER(3,0), 
	"PAIDEACH" NUMBER(5,2)
   ) ;
REM INSERTING into  ORDERITEMS
SET DEFINE OFF;
Insert into  ORDERITEMS (ORDER#,ITEM#,ISBN,QUANTITY,PAIDEACH) values (1000,1,'3437212490',1,19.95);
Insert into  ORDERITEMS (ORDER#,ITEM#,ISBN,QUANTITY,PAIDEACH) values (1001,1,'9247381001',1,31.95);
Insert into  ORDERITEMS (ORDER#,ITEM#,ISBN,QUANTITY,PAIDEACH) values (1001,2,'2491748320',1,85.45);
Insert into  ORDERITEMS (ORDER#,ITEM#,ISBN,QUANTITY,PAIDEACH) values (1002,1,'8843172113',2,55.95);
Insert into  ORDERITEMS (ORDER#,ITEM#,ISBN,QUANTITY,PAIDEACH) values (1003,1,'8843172113',1,55.95);
Insert into  ORDERITEMS (ORDER#,ITEM#,ISBN,QUANTITY,PAIDEACH) values (1003,2,'1059831198',1,30.95);
Insert into  ORDERITEMS (ORDER#,ITEM#,ISBN,QUANTITY,PAIDEACH) values (1003,3,'3437212490',1,19.95);
Insert into  ORDERITEMS (ORDER#,ITEM#,ISBN,QUANTITY,PAIDEACH) values (1004,1,'2491748320',2,85.45);
Insert into  ORDERITEMS (ORDER#,ITEM#,ISBN,QUANTITY,PAIDEACH) values (1005,1,'2147428890',1,39.95);
Insert into  ORDERITEMS (ORDER#,ITEM#,ISBN,QUANTITY,PAIDEACH) values (1006,1,'9959789321',1,54.5);
Insert into  ORDERITEMS (ORDER#,ITEM#,ISBN,QUANTITY,PAIDEACH) values (1007,1,'3957136468',3,72.15);
Insert into  ORDERITEMS (ORDER#,ITEM#,ISBN,QUANTITY,PAIDEACH) values (1007,2,'9959789321',1,54.5);
Insert into  ORDERITEMS (ORDER#,ITEM#,ISBN,QUANTITY,PAIDEACH) values (1007,3,'8117949391',1,8.95);
Insert into  ORDERITEMS (ORDER#,ITEM#,ISBN,QUANTITY,PAIDEACH) values (1007,4,'8843172113',1,55.95);
Insert into  ORDERITEMS (ORDER#,ITEM#,ISBN,QUANTITY,PAIDEACH) values (1008,1,'3437212490',2,19.95);
Insert into  ORDERITEMS (ORDER#,ITEM#,ISBN,QUANTITY,PAIDEACH) values (1009,1,'3437212490',1,19.95);
Insert into  ORDERITEMS (ORDER#,ITEM#,ISBN,QUANTITY,PAIDEACH) values (1009,2,'0401140733',1,22);
Insert into  ORDERITEMS (ORDER#,ITEM#,ISBN,QUANTITY,PAIDEACH) values (1010,1,'8843172113',1,55.95);
Insert into  ORDERITEMS (ORDER#,ITEM#,ISBN,QUANTITY,PAIDEACH) values (1011,1,'2491748320',1,85.45);
Insert into  ORDERITEMS (ORDER#,ITEM#,ISBN,QUANTITY,PAIDEACH) values (1012,1,'8117949391',1,8.95);
Insert into  ORDERITEMS (ORDER#,ITEM#,ISBN,QUANTITY,PAIDEACH) values (1012,2,'1915762492',2,25);
Insert into  ORDERITEMS (ORDER#,ITEM#,ISBN,QUANTITY,PAIDEACH) values (1012,3,'2491748320',1,85.45);
Insert into  ORDERITEMS (ORDER#,ITEM#,ISBN,QUANTITY,PAIDEACH) values (1012,4,'0401140733',1,22);
Insert into  ORDERITEMS (ORDER#,ITEM#,ISBN,QUANTITY,PAIDEACH) values (1013,1,'8843172113',1,55.95);
Insert into  ORDERITEMS (ORDER#,ITEM#,ISBN,QUANTITY,PAIDEACH) values (1014,1,'0401140733',2,22);
Insert into  ORDERITEMS (ORDER#,ITEM#,ISBN,QUANTITY,PAIDEACH) values (1015,1,'3437212490',1,19.95);
Insert into  ORDERITEMS (ORDER#,ITEM#,ISBN,QUANTITY,PAIDEACH) values (1016,1,'2491748320',1,85.45);
Insert into  ORDERITEMS (ORDER#,ITEM#,ISBN,QUANTITY,PAIDEACH) values (1017,1,'8117949391',2,8.95);
Insert into  ORDERITEMS (ORDER#,ITEM#,ISBN,QUANTITY,PAIDEACH) values (1018,1,'3437212490',1,19.95);
Insert into  ORDERITEMS (ORDER#,ITEM#,ISBN,QUANTITY,PAIDEACH) values (1018,2,'8843172113',1,55.95);
Insert into  ORDERITEMS (ORDER#,ITEM#,ISBN,QUANTITY,PAIDEACH) values (1019,1,'0401140733',1,22);
Insert into  ORDERITEMS (ORDER#,ITEM#,ISBN,QUANTITY,PAIDEACH) values (1020,1,'3437212490',1,19.95);
Insert into  ORDERITEMS (ORDER#,ITEM#,ISBN,QUANTITY,PAIDEACH) values (1021,1,'3437212490',1,20);
Insert into  ORDERITEMS (ORDER#,ITEM#,ISBN,QUANTITY,PAIDEACH) values (1,1,'3437212490',1,20);
--------------------------------------------------------
--  DDL for Index ORDERITEMS_ORDER#ITEM#_PK
--------------------------------------------------------

  CREATE UNIQUE INDEX "ORDERITEMS_ORDER#ITEM#_PK" ON "ORDERITEMS" ("ORDER#", "ITEM#") 
   ;
--------------------------------------------------------
--  Constraints for Table ORDERITEMS
--------------------------------------------------------

  ALTER TABLE "ORDERITEMS" MODIFY ("QUANTITY" NOT NULL ENABLE);
  ALTER TABLE "ORDERITEMS" MODIFY ("PAIDEACH" NOT NULL ENABLE);
  ALTER TABLE "ORDERITEMS" ADD CONSTRAINT "ORDERITEMS_QUANTITY_CK" CHECK (quantity>0) ENABLE;
  ALTER TABLE "ORDERITEMS" ADD CONSTRAINT "ORDERITEMS_ORDER#ITEM#_PK" PRIMARY KEY ("ORDER#", "ITEM#")ENABLE;
--------------------------------------------------------
--  Ref Constraints for Table ORDERITEMS
--------------------------------------------------------

  ALTER TABLE "ORDERITEMS" ADD CONSTRAINT "ORDERITEMS_ORDER#_FK" FOREIGN KEY ("ORDER#")
	  REFERENCES "ORDERS" ("ORDER#") ENABLE;
  ALTER TABLE "ORDERITEMS" ADD CONSTRAINT "ORDERITEMS_ISBN_FK" FOREIGN KEY ("ISBN")
	  REFERENCES "BOOKS" ("ISBN") ENABLE;
--------------------------------------------------------
--  File created - Friday-December-15-2023   
--------------------------------------------------------
--------------------------------------------------------
--  DDL for Table EMP
--------------------------------------------------------
drop table "EMP" ;
  CREATE TABLE "EMP" 
   (	"EMPNO" NUMBER(4,0), 
	"ENAME" VARCHAR2(10 BYTE), 
	"JOB" VARCHAR2(9 BYTE), 
	"MGR" NUMBER(4,0), 
	"HIREDATE" DATE, 
	"SAL" NUMBER(7,2), 
	"COMM" NUMBER(7,2), 
	"DEPTNO" NUMBER(2,0)
   )  ;
REM INSERTING into EMP
SET DEFINE OFF;
Insert into EMP (EMPNO,ENAME,JOB,MGR,HIREDATE,SAL,COMM,DEPTNO) values (7369,'SMITH','CLERK',7902,to_date('17-DEC-80','DD-MON-RR'),800,null,20);
Insert into EMP (EMPNO,ENAME,JOB,MGR,HIREDATE,SAL,COMM,DEPTNO) values (7499,'ALLEN','SALESMAN',7698,to_date('20-FEB-81','DD-MON-RR'),1600,300,30);
Insert into EMP (EMPNO,ENAME,JOB,MGR,HIREDATE,SAL,COMM,DEPTNO) values (7521,'WARD','SALESMAN',7698,to_date('22-FEB-81','DD-MON-RR'),1250,500,30);
Insert into EMP (EMPNO,ENAME,JOB,MGR,HIREDATE,SAL,COMM,DEPTNO) values (7566,'JONES','MANAGER',7839,to_date('02-APR-81','DD-MON-RR'),2975,null,20);
Insert into EMP (EMPNO,ENAME,JOB,MGR,HIREDATE,SAL,COMM,DEPTNO) values (7654,'MARTIN','SALESMAN',7698,to_date('28-SEP-81','DD-MON-RR'),1250,1400,30);
Insert into EMP (EMPNO,ENAME,JOB,MGR,HIREDATE,SAL,COMM,DEPTNO) values (7698,'BLAKE','MANAGER',7839,to_date('01-MAY-81','DD-MON-RR'),2850,null,30);
Insert into EMP (EMPNO,ENAME,JOB,MGR,HIREDATE,SAL,COMM,DEPTNO) values (7782,'CLARK','MANAGER',7839,to_date('09-JUN-81','DD-MON-RR'),2450,null,10);
Insert into EMP (EMPNO,ENAME,JOB,MGR,HIREDATE,SAL,COMM,DEPTNO) values (7788,'SCOTT','ANALYST',7566,to_date('19-APR-87','DD-MON-RR'),3000,null,20);
Insert into EMP (EMPNO,ENAME,JOB,MGR,HIREDATE,SAL,COMM,DEPTNO) values (7839,'KING','PRESIDENT',null,to_date('17-NOV-81','DD-MON-RR'),5000,null,10);
Insert into EMP (EMPNO,ENAME,JOB,MGR,HIREDATE,SAL,COMM,DEPTNO) values (7844,'TURNER','SALESMAN',7698,to_date('08-SEP-81','DD-MON-RR'),1500,0,30);
Insert into EMP (EMPNO,ENAME,JOB,MGR,HIREDATE,SAL,COMM,DEPTNO) values (7876,'ADAMS','CLERK',7788,to_date('23-MAY-87','DD-MON-RR'),1100,null,20);
Insert into EMP (EMPNO,ENAME,JOB,MGR,HIREDATE,SAL,COMM,DEPTNO) values (7900,'JAMES','CLERK',7698,to_date('03-DEC-81','DD-MON-RR'),950,null,30);
Insert into EMP (EMPNO,ENAME,JOB,MGR,HIREDATE,SAL,COMM,DEPTNO) values (7902,'FORD','ANALYST',7566,to_date('03-DEC-81','DD-MON-RR'),3000,null,20);
Insert into EMP (EMPNO,ENAME,JOB,MGR,HIREDATE,SAL,COMM,DEPTNO) values (7934,'MILLER','CLERK',7782,to_date('23-JAN-82','DD-MON-RR'),1300,null,10);
-------------------------------------------------------
--  DDL for Table SALGRADE
--------------------------------------------------------
DROP  TABLE "SALGRADE" ;
  CREATE TABLE "SALGRADE" 
   (	"GRADE" NUMBER, 
	"LOSAL" NUMBER, 
	"HISAL" NUMBER
   )  ;
REM INSERTING into SALGRADE
SET DEFINE OFF;
Insert into SALGRADE (GRADE,LOSAL,HISAL) values (1,700,1200);
Insert into SALGRADE (GRADE,LOSAL,HISAL) values (2,1201,1400);
Insert into SALGRADE (GRADE,LOSAL,HISAL) values (3,1401,2000);
Insert into SALGRADE (GRADE,LOSAL,HISAL) values (4,2001,3000);
Insert into SALGRADE (GRADE,LOSAL,HISAL) values (5,3001,9999);
--------------------------------------------------------
--  DDL for Table DEPT
--------------------------------------------------------
DROP TABLE "DEPT" ;
  CREATE TABLE "DEPT" 
   (	"DEPTNO" NUMBER(2,0), 
	"DNAME" VARCHAR2(14 BYTE), 
	"LOC" VARCHAR2(13 BYTE)
   ) ;
REM INSERTING into DEPT
SET DEFINE OFF;
--------------------------------------------------------
--  DDL for Index PK_DEPT
--------------------------------------------------------

  CREATE UNIQUE INDEX "PK_DEPT" ON "DEPT" ("DEPTNO") 
   ;
--------------------------------------------------------
--  Constraints for Table DEPT
--------------------------------------------------------

  ALTER TABLE "DEPT" ADD CONSTRAINT "PK_DEPT" PRIMARY KEY ("DEPTNO")
  ENABLE;
  --------------------------------------------------------
--  DDL for Table BOOKS_1
--------------------------------------------------------
 DROP TABLE "BOOKS_1" ;
  CREATE TABLE "BOOKS_1" 
   (	"ISBN" VARCHAR2(10 BYTE), 
	"TITLE" VARCHAR2(30 BYTE), 
	"PUBDATE" DATE, 
	"PUBID" NUMBER(2,0), 
	"COST" NUMBER(5,2), 
	"RETAIL" NUMBER(5,2), 
	"DISCOUNT" NUMBER(4,2), 
	"CATEGORY" VARCHAR2(12 BYTE)
   ) ;
Insert into BOOKS_1 (ISBN,TITLE,PUBDATE,PUBID,COST,RETAIL,DISCOUNT,CATEGORY) values ('8843172113','DATABASE IMPLEMENTATION',to_date('04-JUN-03','DD-MON-RR'),3,31.4,55.95,null,'COMPUTER');
Insert into BOOKS_1 (ISBN,TITLE,PUBDATE,PUBID,COST,RETAIL,DISCOUNT,CATEGORY) values ('3437212490','COOKING WITH MUSHROOMS',to_date('28-FEB-04','DD-MON-RR'),4,12.5,19.95,null,'COOKING');
Insert into BOOKS_1 (ISBN,TITLE,PUBDATE,PUBID,COST,RETAIL,DISCOUNT,CATEGORY) values ('3957136468','HOLY GRAIL OF ORACLE',to_date('31-DEC-05','DD-MON-RR'),3,47.25,29.95,3.8,'COOKING');

  --------------------------------------------------------
--  DDL for Table BOOKS_2
--------------------------------------------------------
  DROP TABLE "BOOKS_2" ;
  CREATE TABLE "BOOKS_2" 
   (	"ISBN" VARCHAR2(10 BYTE), 
	"TITLE" VARCHAR2(30 BYTE), 
	"PUBDATE" DATE, 
	"PUBID" NUMBER(2,0), 
	"COST" NUMBER(5,2), 
	"RETAIL" NUMBER(5,2), 
	"DISCOUNT" NUMBER(4,2), 
	"CATEGORY" VARCHAR2(12 BYTE)
   );
Insert into BOOKS_2 (ISBN,TITLE,PUBDATE,PUBID,COST,RETAIL,DISCOUNT,CATEGORY) values ('8843172113','DATABASE IMPLEMENTATION',to_date('04-JUN-03','DD-MON-RR'),3,31.4,55.95,null,'COMPUTER');
Insert into BOOKS_2 (ISBN,TITLE,PUBDATE,PUBID,COST,RETAIL,DISCOUNT,CATEGORY) values ('3437212490','COOKING WITH MUSHROOMS',to_date('28-FEB-04','DD-MON-RR'),4,12.5,29.95,null,'COOKING');
Insert into BOOKS_2 (ISBN,TITLE,PUBDATE,PUBID,COST,RETAIL,DISCOUNT,CATEGORY) values ('3957136468','HOLY GRAIL OF ORACLE',to_date('31-DEC-05','DD-MON-RR'),null,null,79.95,null,'COMPUTER');
Insert into BOOKS_2 (ISBN,TITLE,PUBDATE,PUBID,COST,RETAIL,DISCOUNT,CATEGORY) values ('0299282519','THE WOK WAY TO COOK',to_date('11-SEP-04','DD-MON-RR'),null,null,28.75,null,'COOKING');
Insert into BOOKS_2 (ISBN,TITLE,PUBDATE,PUBID,COST,RETAIL,DISCOUNT,CATEGORY) values ('1915762492','HANDCRANKED COMPUTERS',to_date('21-JAN-05','DD-MON-RR'),null,null,25,null,'COMPUTER');

