 CREATE TABLE "HR"."CUSTOMERS" 
   (	"CUSTOMER#" NUMBER(4,0), 
	"LASTNAME" VARCHAR2(10 BYTE) NOT NULL ENABLE, 
	"FIRSTNAME" VARCHAR2(10 BYTE) NOT NULL ENABLE, 
	"ADDRESS" VARCHAR2(20 BYTE), 
	"CITY" VARCHAR2(12 BYTE), 
	"STATE" VARCHAR2(2 BYTE), 
	"ZIP" VARCHAR2(5 BYTE), 
	"REFERRED" NUMBER(4,0), 
	"REGION" CHAR(2 BYTE)
   );
SET DEFINE OFF;
Insert into HR.CUSTOMERS (CUSTOMER#,LASTNAME,FIRSTNAME,ADDRESS,CITY,STATE,ZIP,REFERRED,REGION) values (1001,'MORALES','BONITA','P.O. BOX 651','EASTPOINT','FL','32328',null,'SE');
Insert into HR.CUSTOMERS (CUSTOMER#,LASTNAME,FIRSTNAME,ADDRESS,CITY,STATE,ZIP,REFERRED,REGION) values (1002,'THOMPSON','RYAN','P.O. BOX 9835','SANTA MONICA','CA','90404',null,'W ');
Insert into HR.CUSTOMERS (CUSTOMER#,LASTNAME,FIRSTNAME,ADDRESS,CITY,STATE,ZIP,REFERRED,REGION) values (1003,'SMITH','LEILA','P.O. BOX 66','TALLAHASSEE','FL','32306',null,'SE');
Insert into HR.CUSTOMERS (CUSTOMER#,LASTNAME,FIRSTNAME,ADDRESS,CITY,STATE,ZIP,REFERRED,REGION) values (1004,'PIERSON','THOMAS','69821 SOUTH AVENUE','BOISE','ID','83707',null,'NW');
Insert into HR.CUSTOMERS (CUSTOMER#,LASTNAME,FIRSTNAME,ADDRESS,CITY,STATE,ZIP,REFERRED,REGION) values (1005,'GIRARD','CINDY','P.O. BOX 851','SEATTLE','WA','98115',null,'NW');
Insert into HR.CUSTOMERS (CUSTOMER#,LASTNAME,FIRSTNAME,ADDRESS,CITY,STATE,ZIP,REFERRED,REGION) values (1006,'CRUZ','MESHIA','82 DIRT ROAD','ALBANY','NY','12211',null,'NE');
Insert into HR.CUSTOMERS (CUSTOMER#,LASTNAME,FIRSTNAME,ADDRESS,CITY,STATE,ZIP,REFERRED,REGION) values (1007,'GIANA','TAMMY','9153 MAIN STREET','AUSTIN','TX','78710',1003,'SW');
Insert into HR.CUSTOMERS (CUSTOMER#,LASTNAME,FIRSTNAME,ADDRESS,CITY,STATE,ZIP,REFERRED,REGION) values (1008,'JONES','KENNETH','P.O. BOX 137','CHEYENNE','WY','82003',null,'N ');
Insert into HR.CUSTOMERS (CUSTOMER#,LASTNAME,FIRSTNAME,ADDRESS,CITY,STATE,ZIP,REFERRED,REGION) values (1009,'PEREZ','JORGE','P.O. BOX 8564','BURBANK','CA','91510',1003,'W ');
Insert into HR.CUSTOMERS (CUSTOMER#,LASTNAME,FIRSTNAME,ADDRESS,CITY,STATE,ZIP,REFERRED,REGION) values (1010,'LUCAS','JAKE','114 EAST SAVANNAH','ATLANTA','GA','30314',null,'SE');
Insert into HR.CUSTOMERS (CUSTOMER#,LASTNAME,FIRSTNAME,ADDRESS,CITY,STATE,ZIP,REFERRED,REGION) values (1011,'MCGOVERN','REESE','P.O. BOX 18','CHICAGO','IL','60606',null,'N ');
Insert into HR.CUSTOMERS (CUSTOMER#,LASTNAME,FIRSTNAME,ADDRESS,CITY,STATE,ZIP,REFERRED,REGION) values (1012,'MCKENZIE','WILLIAM','P.O. BOX 971','BOSTON','MA','02110',null,'NE');
Insert into HR.CUSTOMERS (CUSTOMER#,LASTNAME,FIRSTNAME,ADDRESS,CITY,STATE,ZIP,REFERRED,REGION) values (1013,'NGUYEN','NICHOLAS','357 WHITE EAGLE AVE.','CLERMONT','FL','34711',1006,'SE');
Insert into HR.CUSTOMERS (CUSTOMER#,LASTNAME,FIRSTNAME,ADDRESS,CITY,STATE,ZIP,REFERRED,REGION) values (1014,'LEE','JASMINE','P.O. BOX 2947','CODY','WY','82414',null,'N ');
Insert into HR.CUSTOMERS (CUSTOMER#,LASTNAME,FIRSTNAME,ADDRESS,CITY,STATE,ZIP,REFERRED,REGION) values (1015,'SCHELL','STEVE','P.O. BOX 677','MIAMI','FL','33111',null,'SE');
Insert into HR.CUSTOMERS (CUSTOMER#,LASTNAME,FIRSTNAME,ADDRESS,CITY,STATE,ZIP,REFERRED,REGION) values (1016,'DAUM','MICHELL','9851231 LONG ROAD','BURBANK','CA','91508',1010,'W ');
Insert into HR.CUSTOMERS (CUSTOMER#,LASTNAME,FIRSTNAME,ADDRESS,CITY,STATE,ZIP,REFERRED,REGION) values (1017,'NELSON','BECCA','P.O. BOX 563','KALMAZOO','MI','49006',null,'N ');
Insert into HR.CUSTOMERS (CUSTOMER#,LASTNAME,FIRSTNAME,ADDRESS,CITY,STATE,ZIP,REFERRED,REGION) values (1018,'MONTIASA','GREG','1008 GRAND AVENUE','MACON','GA','31206',null,'SE');
Insert into HR.CUSTOMERS (CUSTOMER#,LASTNAME,FIRSTNAME,ADDRESS,CITY,STATE,ZIP,REFERRED,REGION) values (1019,'SMITH','JENNIFER','P.O. BOX 1151','MORRISTOWN','NJ','07962',1003,'NE');
Insert into HR.CUSTOMERS (CUSTOMER#,LASTNAME,FIRSTNAME,ADDRESS,CITY,STATE,ZIP,REFERRED,REGION) values (1020,'FALAH','KENNETH','P.O. BOX 335','TRENTON','NJ','08607',null,'NE');

CREATE TABLE "HR"."BOOKS" 
   (	"ISBN" VARCHAR2(10 BYTE), 
	"TITLE" VARCHAR2(30 BYTE), 
	"PUBDATE" DATE, 
	"PUBID" NUMBER(2,0), 
	"COST" NUMBER(5,2), 
	"RETAIL" NUMBER(5,2), 
	"DISCOUNT" NUMBER(4,2), 
	"CATEGORY" VARCHAR2(12 BYTE)
   ) ;
SET DEFINE OFF;
Insert into HR.BOOKS (ISBN,TITLE,PUBDATE,PUBID,COST,RETAIL,DISCOUNT,CATEGORY) values ('1059831198','BODYBUILD IN 10 MINUTES A DAY',to_date('21-JAN-05','DD-MON-RR'),4,18.75,30.95,null,'FITNESS');
Insert into HR.BOOKS (ISBN,TITLE,PUBDATE,PUBID,COST,RETAIL,DISCOUNT,CATEGORY) values ('0401140733','REVENGE OF MICKEY',to_date('14-DEC-05','DD-MON-RR'),1,14.2,29.5,null,'FAMILY LIFE');
Insert into HR.BOOKS (ISBN,TITLE,PUBDATE,PUBID,COST,RETAIL,DISCOUNT,CATEGORY) values ('4981341710','BUILDING A CAR WITH TOOTHPICKS',to_date('18-MAR-06','DD-MON-RR'),2,37.8,59.95,3,'CHILDREN');
Insert into HR.BOOKS (ISBN,TITLE,PUBDATE,PUBID,COST,RETAIL,DISCOUNT,CATEGORY) values ('8843172113','DATABASE IMPLEMENTATION',to_date('04-JUN-03','DD-MON-RR'),3,31.4,55.95,null,'COMPUTER');
Insert into HR.BOOKS (ISBN,TITLE,PUBDATE,PUBID,COST,RETAIL,DISCOUNT,CATEGORY) values ('3437212490','COOKING WITH MUSHROOMS',to_date('28-FEB-04','DD-MON-RR'),4,12.5,19.95,null,'COOKING');
Insert into HR.BOOKS (ISBN,TITLE,PUBDATE,PUBID,COST,RETAIL,DISCOUNT,CATEGORY) values ('3957136468','HOLY GRAIL OF ORACLE',to_date('31-DEC-05','DD-MON-RR'),3,47.25,75.95,3.8,'COMPUTER');
Insert into HR.BOOKS (ISBN,TITLE,PUBDATE,PUBID,COST,RETAIL,DISCOUNT,CATEGORY) values ('1915762492','HANDCRANKED COMPUTERS',to_date('21-JAN-05','DD-MON-RR'),3,21.8,25,null,'COMPUTER');
Insert into HR.BOOKS (ISBN,TITLE,PUBDATE,PUBID,COST,RETAIL,DISCOUNT,CATEGORY) values ('9959789321','E-BUSINESS THE EASY WAY',to_date('01-MAR-06','DD-MON-RR'),2,37.9,54.5,null,'COMPUTER');
Insert into HR.BOOKS (ISBN,TITLE,PUBDATE,PUBID,COST,RETAIL,DISCOUNT,CATEGORY) values ('2491748320','PAINLESS CHILD-REARING',to_date('17-JUL-04','DD-MON-RR'),5,48,89.95,4.5,'FAMILY LIFE');
Insert into HR.BOOKS (ISBN,TITLE,PUBDATE,PUBID,COST,RETAIL,DISCOUNT,CATEGORY) values ('0299282519','THE WOK WAY TO COOK',to_date('11-SEP-04','DD-MON-RR'),4,19,28.75,null,'COOKING');
Insert into HR.BOOKS (ISBN,TITLE,PUBDATE,PUBID,COST,RETAIL,DISCOUNT,CATEGORY) values ('8117949391','BIG BEAR AND LITTLE DOVE',to_date('08-NOV-05','DD-MON-RR'),5,5.32,8.95,null,'CHILDREN');
Insert into HR.BOOKS (ISBN,TITLE,PUBDATE,PUBID,COST,RETAIL,DISCOUNT,CATEGORY) values ('0132149871','HOW TO GET FASTER PIZZA',to_date('11-NOV-06','DD-MON-RR'),4,17.85,29.95,1.5,'SELF HELP');
Insert into HR.BOOKS (ISBN,TITLE,PUBDATE,PUBID,COST,RETAIL,DISCOUNT,CATEGORY) values ('9247381001','HOW TO MANAGE THE MANAGER',to_date('09-MAY-03','DD-MON-RR'),1,15.4,31.95,null,'BUSINESS');
Insert into HR.BOOKS (ISBN,TITLE,PUBDATE,PUBID,COST,RETAIL,DISCOUNT,CATEGORY) values ('2147428890','SHORTEST POEMS',to_date('01-MAY-05','DD-MON-RR'),5,21.85,39.95,null,'LITERATURE');

  CREATE TABLE "HR"."PUBLISHER" 
   (	"PUBID" NUMBER(2,0), 
	"NAME" VARCHAR2(23 BYTE), 
	"CONTACT" VARCHAR2(15 BYTE), 
	"PHONE" VARCHAR2(12 BYTE)
   ); 
   
Insert into HR.PUBLISHER (PUBID,NAME,CONTACT,PHONE) values (1,'PRINTING IS US','TOMMIE SEYMOUR','000-714-8321');
Insert into HR.PUBLISHER (PUBID,NAME,CONTACT,PHONE) values (2,'PUBLISH OUR WAY','JANE TOMLIN','010-410-0010');
Insert into HR.PUBLISHER (PUBID,NAME,CONTACT,PHONE) values (3,'AMERICAN PUBLISHING','DAVID DAVIDSON','800-555-1211');
Insert into HR.PUBLISHER (PUBID,NAME,CONTACT,PHONE) values (4,'READING MATERIALS INC.','RENEE SMITH','800-555-9743');
Insert into HR.PUBLISHER (PUBID,NAME,CONTACT,PHONE) values (5,'REED-N-RITE','SEBASTIAN JONES','800-555-8284');
---------------